100 0 9640,301 9640 38490,119 38610 50110,134 50221 57791,213 58098 93628,234 93965 130255,302 130598 167018,309 167455 194465,212 194767 230317,233 230576 265996,314 266446 295656,319 295925 340865,327 341311 368051,140 368142 377102,332 377358 415458,146 415578 426078,343 456774 481814,344 482209 511229,345 511592 543722,346 543987 574697,1100 1200000 1209640,1108 1209721 1220971,1117 1221083 1230473,1129 1230548 1242628,1136 1251602 1263152,1137 1263251 1273531,1138 1273635 1282875,1146 1284616 1295116,1147 1295240 1303580,1148 1303692 1312472,1149 1312599 1324659,3100 2400000 2409640,3108 2409721 2420971,3117 2421083 2430473,3129 2430548 2442628,3136 2451602 2463152,3137 2463251 2473531,1203 2478143 2504693,1223 2505061 2539571,1244 2539919 2572789,1201 2585359 2607179,1218 2607471 2639221,1239 2639515 2664605,1200 2694649 2732299,1300 3350000 3386390,1302 3386733 3423153,1312 3423484 3452244,1319 3452513 3497453,1329 3497743 3537773,1338 3538034 3562754,1343 3586540 3611580,1344 3611975 3640995,1345 3641358 3673488,6135 3673612 3684102,6136 3684227 3695777,6137 3695876 3706156,6138 3706260 3715500,6146 3717241 3727741,6147 3727865 3736205,6148 3736317 3745097,6149 3745224 3757284,10100 4800000 4809640,10108 4809721 4820971,10117 4821083 4830473,10129 4830548 4842628,10136 4851602 4863152,10137 4863251 4873531,3203 4878143 4904693,3223 4905061 4939571,3244 4939919 4972789,3201 4985359 5007179,3218 5007471 5039221,3239 5039515 5064605,3200 5094649 5132299,15100 6000000 6009640,15108 6009721 6020971,15117 6021083 6030473,15129 6030548 6042628,15136 6051602 6063152,15137 6063251 6073531,15138 6073635 6082875,15146 6084616 6095116,15147 6095240 6103580,15148 6103692 6112472,15149 6112599 6124659,3300 6700000 6736390,3302 6736733 6773153,3312 6773484 6802244,3319 6802513 6847453,3329 6847743 6887773,3338 6888034 6912754,3343 6936540 6961580,3344 6961975 6990995,3345 6991358 7023488,3346 7023753 7054463,21100 7200000 7209640,21108 7209721 7220971,21117 7221083 7230473,21129 7230548 7242628,21136 7251602 7263152,21137 7263251 7273531,6203 7278143 7304693,6223 7305061 7339571,6244 7339919 7372789,6201 7385359 7407179,6218 7407471 7439221,6239 7439515 7464605,6200 7494649 7532299,28100 8400000 8409640,28108 8409721 8420971,28117 8421083 8430473,28129 8430548 8442628,28136 8451602 8463152,28137 8463251 8473531,28138 8473635 8482875,28146 8484616 8495116,28147 8495240 8503580,28148 8503692 8512472,28149 8512599 8524659,36100 9600000 9609640,36108 9609721 9620971,36117 9621083 9630473,36129 9630548 9642628,36136 9651602 9663152,36137 9663251 9673531,10203 9678143 9704693,10223 9705061 9739571,10244 9739919 9772789,10201 9785359 9807179,10218 9807471 9839221,10239 9839515 9864605,10200 9894649 9932299,6300 10050000 10086390,6302 10086733 10123153,6312 10123484 10152244,6319 10152513 10197453,6329 10197743 10237773,6338 10238034 10262754,6343 10286540 10311580,6344 10311975 10340995,6345 10341358 10373488,6346 10373753 10404463,45100 10800000 10809640,45108 10809721 10820971,45117 10821083 10830473,45129 10830548 10842628,45136 10851602 10863152,45137 10863251 10873531,45138 10873635 10882875,45146 10884616 10895116,45147 10895240 10903580,45148 10903692 10912472,45149 10912599 10924659,55100 12000000 12009640,55108 12009721 12020971,55117 12021083 12030473,55129 12030548 12042628,55136 12051602 12063152,55137 12063251 12073531,15203 12078143 12104693,15223 12105061 12139571,15244 12139919 12172789,15201 12185359 12207179,15218 12207471 12239221,15239 12239515 12264605,15200 12294649 12332299,66100 13200000 13209640,66108 13209721 13220971,66117 13221083 13230473,66129 13230548 13242628,66136 13251602 13263152,66137 13263251 13273531,66138 13273635 13282875,66146 13284616 13295116,66147 13295240 13303580,66148 13303692 13312472,66149 13312599 13324659,10300 13400000 13436390,10302 13436733 13473153,10312 13473484 13502244,10319 13502513 13547453,10329 13547743 13587773,10338 13588034 13612754,10343 13636540 13661580,10344 13661975 13690995,10345 13691358 13723488,10346 13723753 13754463,78100 14400000 14409640,78108 14409721 14420971,78117 14421083 14430473,78129 14430548 14442628,78136 14451602 14463152,78137 14463251 14473531,78138 14473635 14482875,21203 14489818 14516368,21223 14516736 14551246,21244 14551594 14584464,21201 14597034 14618854,21218 14619146 14650896,21239 14651190 14676280,21200 14706324 14743974,91100 15600000 15609640,91108 15609721 15620971,91117 15621083 15630473,91129 15630548 15642628,91136 15651602 15663152,91137 15663251 15673531,91138 15673635 15682875,91146 15684616 15695116,91147 15695240 15703580,91148 15703692 15712472,91149 15712599 15724659,15300 16750000 16786390,15302 16786733 16823153,15312 16823484 16852244,15319 16852513 16897453,15327 16897899 16924639,105115 16924761 16935421,105121 16935522 16943532,105126 16943651 16952081,15331 16952390 16989420,15339 16989694 17018994,28219 17019251 17052851,28238 17053220 17082410,15341 17082838 17125788,15343 17126229 17151269,28220 17151584 17189504,28241 17189735 17210625,105140 17210716 17219676,105144 17219795 17227035,28200 17240952 17278602,105148 17281668 17290448,105149 17290575 17302635,36202 19280000 19306300,36203 19306666 19333216,36223 19333584 19368094,36244 19368442 19401312,36201 19413882 19435702,36218 19435994 19467744,36239 19468038 19493128,36200 19523172 19560822,21300 20100000 20136390,21302 20136733 20173153,21312 20173484 20202244,21319 20202513 20247453,21329 20247743 20287773,21338 20288034 20312754,21343 20336540 20361580,21344 20361975 20390995,21345 20391358 20423488,21346 20423753 20454463,45202 21690000 21716300,45203 21716666 21743216,45223 21743584 21778094,45244 21778442 21811312,45201 21823882 21845702,45218 21845994 21877744,45239 21878038 21903128,45200 21933172 21970822
101 0 11920,109 12007 21087,113 21210 29260,116 29387 38907,132 39007 48397,131 48481 55461,205 55765 85185,226 85493 120063,246 120353 155853,308 156302 194872,214 195139 226529,227 226757 258477,245 258777 294497,317 294790 327090,324 327341 366521,139 366648 374268,144 374387 381627,334 382027 421307,342 421747 462247,148 481926 490706,149 511356 523416,1101 1200000 1211920,1109 1212007 1221087,1120 1221168 1228228,1132 1228328 1237718,1130 1237825 1249325,1139 1273658 1281278,3101 2400000 2411920,3109 2412007 2421087,3120 2421168 2428228,3132 2428328 2437718,3130 2437825 2449325,1202 2451477 2477777,1205 2478081 2507501,1228 2507865 2537005,1240 2537320 2572600,1204 2585379 2607319,1220 2607634 2645554,1241 2645785 2666675,3147 2694420 2702760,3148 2702872 2711652,3149 2711779 2723839,1301 3350000 3378850,1303 3386800 3420430,1313 3423504 3462334,1323 3462580 3502930,1331 3503239 3540269,1339 3540543 3569843,6100 3611580 3621220,6108 3641076 3652326,6128 3652423 3664703,6125 3664829 3675599,6139 3706283 3713903,10101 4800000 4811920,10109 4812007 4821087,10120 4821168 4828228,10132 4828328 4837718,10130 4837825 4849325,3202 4851477 4877777,3205 4878081 4907501,3228 4907865 4937005,3240 4937320 4972600,3204 4985379 5007319,3220 5007634 5045554,3241 5045785 5066675,10147 5094420 5102760,10148 5102872 5111652,10149 5111779 5123839,15101 6000000 6011920,15109 6012007 6021087,15120 6021168 6028228,15132 6028328 6037718,15130 6037825 6049325,15139 6073658 6081278,3301 6700000 6728850,3303 6736800 6770430,3313 6773504 6812334,3323 6812580 6852930,3331 6853239 6890269,3339 6890543 6919843,21101 7200000 7211920,21109 7212007 7221087,21120 7221168 7228228,21132 7228328 7237718,21130 7237825 7249325,6202 7251477 7277777,6205 7278081 7307501,6228 7307865 7337005,6240 7337320 7372600,6204 7385379 7407319,6220 7407634 7445554,6241 7445785 7466675,21147 7494420 7502760,21148 7502872 7511652,21149 7511779 7523839,28101 8400000 8411920,28109 8412007 8421087,28120 8421168 8428228,28132 8428328 8437718,28130 8437825 8449325,28139 8473658 8481278,36101 9600000 9611920,36109 9612007 9621087,36120 9621168 9628228,36132 9628328 9637718,36130 9637825 9649325,10202 9651477 9677777,10205 9678081 9707501,10228 9707865 9737005,10240 9737320 9772600,10204 9785379 9807319,10220 9807634 9845554,10241 9845785 9866675,36147 9894420 9902760,36148 9902872 9911652,36149 9911779 9923839,6301 10050000 10078850,6303 10086800 10120430,6313 10123504 10162334,6323 10162580 10202930,6331 10203239 10240269,6339 10240543 10269843,45101 10800000 10811920,45109 10812007 10821087,45120 10821168 10828228,45132 10828328 10837718,45130 10837825 10849325,45139 10873658 10881278,55101 12000000 12011920,55109 12012007 12021087,55120 12021168 12028228,55132 12028328 12037718,55130 12037825 12049325,15202 12051477 12077777,15205 12078081 12107501,15228 12107865 12137005,15240 12137320 12172600,15204 12185379 12207319,15220 12207634 12245554,15241 12245785 12266675,55147 12294420 12302760,55148 12302872 12311652,55149 12311779 12323839,66101 13200000 13211920,66109 13212007 13221087,66120 13221168 13228228,66132 13228328 13237718,66130 13237825 13249325,66139 13273658 13281278,10301 13400000 13428850,10303 13436800 13470430,10313 13473504 13512334,10323 13512580 13552930,10331 13553239 13590269,10339 13590543 13619843,78101 14400000 14411920,78109 14412007 14421087,78120 14421168 14428228,78132 14428328 14437718,78130 14437825 14449325,21202 14463152 14489452,21205 14489756 14519176,21228 14519540 14548680,21240 14548995 14584275,21204 14597054 14618994,21220 14619309 14657229,21241 14657460 14678350,78148 14706083 14714863,78149 14714990 14727050,91101 15600000 15611920,91109 15612007 15621087,91120 15621168 15628228,91132 15628328 15637718,91130 15637825 15649325,91139 15673658 15681278,15301 16750000 16778850,15303 16786800 16820430,15313 16823504 16862334,105103 16862334 16870684,15320 16871017 16912667,105109 16912754 16921834,105113 16921957 16930007,105120 16930088 16937148,105122 16937260 16949220,105135 16949344 16959834,15335 16960132 16990502,105136 16990627 17002177,28209 17002386 17025846,28223 17026214 17060724,28240 17061039 17096319,105137 17125887 17136167,28214 17136434 17167824,28231 17168170 17195150,28247 17195365 17232625,15345 17240962 17273092,15346 17273357 17304067,36225 19280000 19302780,36205 19306604 19336024,36228 19336388 19365528,36240 19365843 19401123,36204 19413902 19435842,36220 19436157 19474077,36241 19474308 19495198,21301 20100000 20128850,21303 20136800 20170430,21313 20173504 20212334,21323 20212580 20252930,21331 20253239 20290269,21339 20290543 20319843,45225 21690000 21712780,45205 21716604 21746024,45228 21746388 21775528,45240 21775843 21811123,45204 21823902 21845842,45220 21846157 21884077,45241 21884308 21905198
102 0 7380,225 7380 30160,117 30272 39662,123 39742 48672,130 48779 60279,215 60520 92160,232 92387 129967,248 130230 167510,310 167826 193236,208 193599 223149,224 223409 243959,239 244253 269343,315 269712 314232,200 314585 352235,330 352516 387656,338 387917 412637,340 413012 451752,147 456457 464797,1102 1200000 1207380,1110 1212017 1219417,1115 1219539 1230199,1125 1230325 1241095,1140 1273622 1282582,3102 2400000 2407380,3110 2412017 2419417,3115 2419539 2430199,3125 2430325 2441095,1225 2451477 2474257,1207 2478135 2508345,1230 2508611 2539391,1242 2539608 2566228,3143 2566333 2577193,1206 2585272 2617562,1229 2617858 2650868,1247 2651083 2688343,1304 3386772 3426202,1314 3426652 3455862,1320 3456195 3497845,1330 3498126 3533266,1337 3533564 3567154,6101 3611580 3623500,6109 3641082 3650162,6116 3650289 3659809,6121 3659910 3667920,6133 3668015 3675355,1346 3675620 3706330,6145 3706405 3716735,10102 4800000 4807380,10110 4812017 4819417,10115 4819539 4830199,10125 4830325 4841095,3225 4851477 4874257,3207 4878135 4908345,3230 4908611 4939391,3242 4939608 4966228,10143 4966333 4977193,3206 4985272 5017562,3229 5017858 5050868,3247 5051083 5088343,15102 6000000 6007380,15110 6012017 6019417,15115 6019539 6030199,15125 6030325 6041095,15140 6073622 6082582,3304 6736772 6776202,3314 6776652 6805862,3320 6806195 6847845,3330 6848126 6883266,3337 6883564 6917154,21102 7200000 7207380,21110 7212017 7219417,21115 7219539 7230199,21125 7230325 7241095,6225 7251477 7274257,6207 7278135 7308345,6230 7308611 7339391,6242 7339608 7366228,21143 7366333 7377193,6206 7385272 7417562,6229 7417858 7450868,6247 7451083 7488343,28102 8400000 8407380,28110 8412017 8419417,28115 8419539 8430199,28125 8430325 8441095,28140 8473622 8482582,36102 9600000 9607380,36110 9612017 9619417,36115 9619539 9630199,36125 9630325 9641095,10225 9651477 9674257,10207 9678135 9708345,10230 9708611 9739391,10242 9739608 9766228,36143 9766333 9777193,10206 9785272 9817562,10229 9817858 9850868,10247 9851083 9888343,6304 10086772 10126202,6314 10126652 10155862,6320 10156195 10197845,6330 10198126 10233266,6337 10233564 10267154,45102 10800000 10807380,45110 10812017 10819417,45115 10819539 10830199,45125 10830325 10841095,45140 10873622 10882582,55102 12000000 12007380,55110 12012017 12019417,55115 12019539 12030199,55125 12030325 12041095,15225 12051477 12074257,15207 12078135 12108345,15230 12108611 12139391,15242 12139608 12166228,55143 12166333 12177193,15206 12185272 12217562,15229 12217858 12250868,15247 12251083 12288343,66102 13200000 13207380,66110 13212017 13219417,66115 13219539 13230199,66125 13230325 13241095,66140 13273622 13282582,10304 13436772 13476202,10314 13476652 13505862,10320 13506195 13547845,10330 13548126 13583266,10337 13583564 13617154,78102 14400000 14407380,78110 14412017 14419417,78115 14419539 14430199,78125 14430325 14441095,21225 14463152 14485932,21207 14489810 14520020,21230 14520286 14551066,21242 14551283 14577903,21206 14596947 14629237,21229 14629533 14662543,21247 14662758 14700018,91102 15600000 15607380,91110 15612017 15619417,91115 15619539 15630199,91125 15630325 15641095,91140 15673622 15682582,15304 16786772 16826202,15314 16826652 16855862,105100 16855862 16865502,105105 16865502 16876932,15326 16877313 16914823,105111 16914933 16925363,105116 16925490 16935010,105132 16935110 16944500,105131 16944584 16951564,15330 16951845 16986985,15338 16987246 17011966,28215 17012207 17043847,28232 17044074 17081654,15340 17082029 17120769,28201 17126139 17147959,28216 17148334 17172804,28233 17173063 17208483,105139 17208610 17216230,105142 17216340 17223750,105146 17240719 17251219,105147 17273216 17281556,36207 19306658 19336868,36230 19337134 19367914,36242 19368131 19394751,36206 19413795 19446085,36229 19446381 19479391,36247 19479606 19516866,21304 20136772 20176202,21314 20176652 20205862,21320 20206195 20247845,21330 20248126 20283266,21337 20283564 20317154,45207 21716658 21746868,45230 21747134 21777914,45242 21778131 21804751,45206 21823795 21856085,45229 21856381 21889391,45247 21889606 21926866
103 0 8350,300 8350 44740,125 44866 55636,207 55994 86204,228 86568 115708,240 116023 151303,306 151708 186268,206 186532 218822,222 219126 242826,237 243143 265963,313 266314 305144,137 305243 315523,322 315907 341967,329 342257 382287,335 382585 412955,341 413383 456333,1103 1200000 1208350,1111 1212030 1222460,1119 1222580 1234080,1126 1234199 1242629,1141 1273632 1281392,3103 2400000 2408350,3111 2412030 2422460,3119 2422580 2434080,3126 2434199 2442629,1209 2477986 2501446,1221 2501752 2527562,1236 2527837 2554677,3139 2554804 2562424,3141 2562525 2570285,1208 2585371 2614921,1224 2615181 2635731,1237 2636048 2658868,3146 2658988 2669488,1305 3386753 3423633,1315 3426571 3471091,1325 3471465 3505665,1333 3506013 3544983,1342 3551776 3592276,6102 3611580 3618960,6107 3618960 3626280,6110 3641092 3648492,6114 3648579 3657959,6119 3658079 3669579,6130 3669686 3681186,6140 3706247 3715207,10103 4800000 4808350,10111 4812030 4822460,10119 4822580 4834080,10126 4834199 4842629,3209 4877986 4901446,3221 4901752 4927562,3236 4927837 4954677,10139 4954804 4962424,10141 4962525 4970285,3208 4985371 5014921,3224 5015181 5035731,3237 5036048 5058868,10146 5058988 5069488,15103 6000000 6008350,15111 6012030 6022460,15119 6022580 6034080,15126 6034199 6042629,15141 6073632 6081392,3305 6736753 6773633,3315 6776571 6821091,3325 6821465 6855665,3333 6856013 6894983,3342 6901776 6942276,21103 7200000 7208350,21111 7212030 7222460,21119 7222580 7234080,21126 7234199 7242629,6209 7277986 7301446,6221 7301752 7327562,6236 7327837 7354677,21139 7354804 7362424,21141 7362525 7370285,6208 7385371 7414921,6224 7415181 7435731,6237 7436048 7458868,21146 7458988 7469488,28103 8400000 8408350,28111 8412030 8422460,28119 8422580 8434080,28126 8434199 8442629,28141 8473632 8481392,36103 9600000 9608350,36111 9612030 9622460,36119 9622580 9634080,36126 9634199 9642629,10209 9677986 9701446,10221 9701752 9727562,10236 9727837 9754677,36139 9754804 9762424,36141 9762525 9770285,10208 9785371 9814921,10224 9815181 9835731,10237 9836048 9858868,36146 9858988 9869488,6305 10086753 10123633,6315 10126571 10171091,6325 10171465 10205665,6333 10206013 10244983,6342 10251776 10292276,45103 10800000 10808350,45111 10812030 10822460,45119 10822580 10834080,45126 10834199 10842629,45141 10873632 10881392,55103 12000000 12008350,55111 12012030 12022460,55119 12022580 12034080,55126 12034199 12042629,15209 12077986 12101446,15221 12101752 12127562,15236 12127837 12154677,55139 12154804 12162424,55141 12162525 12170285,15208 12185371 12214921,15224 12215181 12235731,15237 12236048 12258868,55146 12258988 12269488,66103 13200000 13208350,66111 13212030 13222460,66119 13222580 13234080,66126 13234199 13242629,66141 13273632 13281392,10305 13436753 13473633,10315 13476571 13521091,10325 13521465 13555665,10333 13556013 13594983,10342 13601776 13642276,78103 14400000 14408350,78111 14412030 14422460,78119 14422580 14434080,78126 14434199 14442629,78139 14473658 14481278,78145 14481353 14491683,21217 14491983 14513043,21219 14513300 14546900,21238 14547269 14576459,21208 14597046 14626596,21224 14626856 14647406,21237 14647723 14670543,78147 14670667 14679007,91103 15600000 15608350,91111 15612030 15622460,91119 15622580 15634080,91126 15634199 15642629,91141 15673632 15681392,15305 16786753 16823633,15315 16826571 16871091,15321 16871474 16899504,15328 16899824 16930204,105128 16930301 16942581,105133 16942676 16950016,28202 16950016 16976316,15337 16976614 17010204,28213 17010511 17046041,28234 17046378 17082668,15342 17083108 17123608,28204 17126159 17148099,28218 17148391 17180141,28239 17180435 17205525,15344 17205920 17234940,36209 19306509 19329969,36221 19330275 19356085,36236 19356360 19383200,36208 19413894 19443444,36224 19443704 19464254,36237 19464571 19487391,21305 20136753 20173633,21315 20176571 20221091,21325 20221465 20255665,21333 20256013 20294983,21342 20301776 20342276,45209 21716509 21739969,45221 21740275 21766085,45236 21766360 21793200,45208 21823894 21853444,45224 21853704 21874254,45237 21874571 21897391
104 0 9870,108 9951 21201,124 21325 28605,114 28692 38072,118 38170 45240,129 45315 57395,211 57704 86524,230 86790 117570,242 117787 144407,305 144770 181650,136 181775 193325,210 193683 229123,229 229419 262429,247 262644 299904,320 300237 341887,328 342207 372587,142 372697 380107,333 380455 419425,1104 1200000 1209870,1112 1212027 1221237,1128 1221334 1233614,1133 1233709 1241049,1142 1273641 1281051,3104 2400000 2409870,3112 2412027 2421237,3128 2421334 2433614,3133 2433709 2441049,1211 2478086 2506906,1226 2507214 2541784,1246 2542074 2577574,1210 2585366 2620806,1231 2621152 2648132,1243 2648502 2671022,1306 3386795 3421355,1316 3426469 3463779,1324 3464030 3503210,1332 3503466 3541566,1340 3541941 3580681,6103 3611580 3619930,6111 3641105 3651535,6120 3651616 3658676,6132 3658776 3668166,6126 3668285 3676715,6141 3706257 3714017,10104 4800000 4809870,10112 4812027 4821237,10128 4821334 4833614,10133 4833709 4841049,3211 4878086 4906906,3226 4907214 4941784,3246 4942074 4977574,3210 4985366 5020806,3231 5021152 5048132,3243 5048502 5071022,15104 6000000 6009870,15112 6012027 6021237,15128 6021334 6033614,15133 6033709 6041049,15142 6073641 6081051,3306 6736795 6771355,3316 6776469 6813779,3324 6814030 6853210,3332 6853466 6891566,3340 6891941 6930681,21104 7200000 7209870,21112 7212027 7221237,21128 7221334 7233614,21133 7233709 7241049,6211 7278086 7306906,6226 7307214 7341784,6246 7342074 7377574,6210 7385366 7420806,6231 7421152 7448132,6243 7448502 7471022,28104 8400000 8409870,28112 8412027 8421237,28128 8421334 8433614,28133 8433709 8441049,28142 8473641 8481051,36104 9600000 9609870,36112 9612027 9621237,36128 9621334 9633614,36133 9633709 9641049,10211 9678086 9706906,10226 9707214 9741784,10246 9742074 9777574,10210 9785366 9820806,10231 9821152 9848132,10243 9848502 9871022,6306 10086795 10121355,6316 10126469 10163779,6324 10164030 10203210,6332 10203466 10241566,6340 10241941 10280681,45104 10800000 10809870,45112 10812027 10821237,45128 10821334 10833614,45133 10833709 10841049,45142 10873641 10881051,55104 12000000 12009870,55112 12012027 12021237,55128 12021334 12033614,55133 12033709 12041049,15211 12078086 12106906,15226 12107214 12141784,15246 12142074 12177574,15210 12185366 12220806,15231 12221152 12248132,15243 12248502 12271022,66104 13200000 13209870,66112 13212027 13221237,66128 13221334 13233614,66133 13233709 13241049,66142 13273641 13281051,10306 13436795 13471355,10316 13476469 13513779,10324 13514030 13553210,10332 13553466 13591566,10340 13591941 13630681,78104 14400000 14409870,78112 14412027 14421237,78128 14421334 14433614,78133 14433709 14441049,78140 14473622 14482582,21209 14489661 14513121,21221 14513427 14539237,21236 14539512 14566352,21210 14597041 14632481,21231 14632827 14659807,21243 14660177 14682697,91104 15600000 15609870,91112 15612027 15621237,91128 15621334 15633614,91133 15633709 15641049,91142 15673641 15681051,15306 16786795 16821355,15316 16826469 16863779,105104 16863779 16873649,15322 16874033 16900093,15329 16900383 16940413,105129 16940488 16952568,15332 16952824 16990924,28203 16991290 17017840,28217 17018140 17039200,28230 17039466 17070246,28246 17070536 17106036,28206 17126052 17158342,28224 17158602 17179152,28235 17179359 17205989,105138 17206093 17215333,105141 17215434 17223194,105145 17223269 17233599,36211 19306609 19335429,36226 19335737 19370307,36246 19370597 19406097,36210 19413889 19449329,36231 19449675 19476655,36243 19477025 19499545,21306 20136795 20171355,21316 20176469 20213779,21324 20214030 20253210,21332 20253466 20291566,21340 20291941 20330681,45211 21716609 21745429,45226 21745737 21780307,45246 21780597 21816097,45210 21823889 21859329,45231 21859675 21886655,45243 21887025 21909545
105 0 11430,110 12017 19417,112 19524 28734,115 28856 39516,122 39628 51588,135 51712 62202,217 62502 83562,223 83930 118440,244 118788 151658,307 152086 183876,204 184247 206187,220 206502 244422,241 244653 265543,312 265874 294634,318 295076 328836,325 329210 363410,138 363514 372754,143 372859 383719,336 384168 415808,1105 1200000 1211430,1113 1212043 1220093,1116 1220220 1229740,1123 1229820 1238750,1134 1238861 1246431,1143 1273636 1284496,3105 2400000 2411430,3113 2412043 2420093,3116 2420220 2429740,3123 2429820 2438750,3134 2438861 2446431,1213 2478084 2513614,1234 2513951 2550241,3138 2550345 2559585,3140 2559676 2568636,3144 2568755 2575995,1212 2585310 2620860,1233 2621119 2656539,1249 2656916 2694296,1307 3386818 3418608,1311 3419014 3456454,1321 3456837 3484867,1327 3485313 3512053,1335 3512351 3542721,1341 3543149 3586099,6104 3611580 3621450,6112 3641102 3650312,6117 3650424 3659814,6122 3659926 3671886,6134 3671997 3679567,6142 3706266 3713676,10105 4800000 4811430,10113 4812043 4820093,10116 4820220 4829740,10123 4829820 4838750,10134 4838861 4846431,3213 4878084 4913614,3234 4913951 4950241,10138 4950345 4959585,10140 4959676 4968636,10144 4968755 4975995,3212 4985310 5020860,3233 5021119 5056539,3249 5056916 5094296,15105 6000000 6011430,15113 6012043 6020093,15116 6020220 6029740,15123 6029820 6038750,15134 6038861 6046431,15143 6073636 6084496,3307 6736818 6768608,3311 6769014 6806454,3321 6806837 6834867,3327 6835313 6862053,3335 6862351 6892721,3341 6893149 6936099,21105 7200000 7211430,21113 7212043 7220093,21116 7220220 7229740,21123 7229820 7238750,21134 7238861 7246431,6213 7278084 7313614,6234 7313951 7350241,21138 7350345 7359585,21140 7359676 7368636,21144 7368755 7375995,6212 7385310 7420860,6233 7421119 7456539,6249 7456916 7494296,28105 8400000 8411430,28113 8412043 8420093,28116 8420220 8429740,28123 8429820 8438750,28134 8438861 8446431,28143 8473636 8484496,36105 9600000 9611430,36113 9612043 9620093,36116 9620220 9629740,36123 9629820 9638750,36134 9638861 9646431,10213 9678084 9713614,10234 9713951 9750241,36138 9750345 9759585,36140 9759676 9768636,36144 9768755 9775995,10212 9785310 9820860,10233 9821119 9856539,10249 9856916 9894296,6307 10086818 10118608,6311 10119014 10156454,6321 10156837 10184867,6327 10185313 10212053,6335 10212351 10242721,6341 10243149 10286099,45105 10800000 10811430,45113 10812043 10820093,45116 10820220 10829740,45123 10829820 10838750,45134 10838861 10846431,45143 10873636 10884496,55105 12000000 12011430,55113 12012043 12020093,55116 12020220 12029740,55123 12029820 12038750,55134 12038861 12046431,15213 12078084 12113614,15234 12113951 12150241,55138 12150345 12159585,55140 12159676 12168636,55144 12168755 12175995,15212 12185310 12220860,15233 12221119 12256539,15249 12256916 12294296,66105 13200000 13211430,66113 13212043 13220093,66116 13220220 13229740,66123 13229820 13238750,66134 13238861 13246431,66143 13273636 13284496,10307 13436818 13468608,10311 13469014 13506454,10321 13506837 13534867,10327 13535313 13562053,10335 13562351 13592721,10341 13593149 13636099,78105 14400000 14411430,78113 14412043 14420093,78116 14420220 14429740,78123 14429820 14438750,78134 14438861 14446431,78141 14473632 14481392,21211 14489761 14518581,21226 14518889 14553459,21246 14553749 14589249,21212 14596985 14632535,21233 14632794 14668214,21249 14668591 14705971,91105 15600000 15611430,91113 15612043 15620093,91116 15620220 15629740,91123 15629820 15638750,91134 15638861 15646431,91143 15673636 15684496,15307 16786818 16818608,15311 16819014 16856454,105101 16856454 16868374,105107 16868374 16875694,15324 16875945 16915125,105112 16915232 16924442,105114 16924529 16933909,105119 16934029 16945529,105130 16945636 16957136,15334 16957536 16996816,28207 16997174 17027384,28226 17027692 17062262,28242 17062479 17089099,28208 17126151 17155701,28222 17156005 17179705,28237 17180022 17202842,28249 17203219 17240599,36213 19306607 19342137,36234 19342474 19378764,36212 19413833 19449383,36233 19449642 19485062,36249 19485439 19522819,21307 20136818 20168608,21311 20169014 20206454,21321 20206837 20234867,21327 20235313 20262053,21335 20262351 20292721,21341 20293149 20336099,45213 21716607 21752137,45234 21752474 21788764,45212 21823833 21859383,45233 21859642 21895062,45249 21895439 21932819
106 0 10480,111 12030 22460,127 22581 31901,120 31982 39042,121 39143 47153,126 47272 55702,209 55911 79371,219 79628 113228,238 113597 142787,304 143169 182599,201 182950 204770,216 205145 229615,231 229961 256941,243 257311 279831,316 280098 317408,323 317654 358004,331 358313 395343,339 395617 424917,1106 1200000 1210480,1124 1212044 1219324,1114 1219411 1228791,1122 1228903 1240863,1135 1240987 1251477,1144 1273650 1280890,3106 2400000 2410480,3124 2412044 2419324,3114 2419411 2428791,3122 2428903 2440863,3135 2440987 2451477,1215 2478018 2509658,1232 2509885 2547465,1248 2547728 2585008,1214 2585275 2616665,1227 2616893 2648613,1245 2648913 2684633,1308 3386839 3425409,1317 3426495 3458795,1322 3459179 3485239,1328 3485559 3515939,1336 3516388 3548028,6105 3611580 3623010,6113 3641118 3649168,6115 3649290 3659950,6123 3660030 3668960,6131 3669044 3676024,6143 3706261 3717121,10106 4800000 4810480,10124 4812044 4819324,10114 4819411 4828791,10122 4828903 4840863,10135 4840987 4851477,3215 4878018 4909658,3232 4909885 4947465,3248 4947728 4985008,3214 4985275 5016665,3227 5016893 5048613,3245 5048913 5084633,15106 6000000 6010480,15124 6012044 6019324,15114 6019411 6028791,15122 6028903 6040863,15135 6040987 6051477,15144 6073650 6080890,3308 6736839 6775409,3317 6776495 6808795,3322 6809179 6835239,3328 6835559 6865939,3336 6866388 6898028,21106 7200000 7210480,21124 7212044 7219324,21114 7219411 7228791,21122 7228903 7240863,21135 7240987 7251477,6215 7278018 7309658,6232 7309885 7347465,6248 7347728 7385008,6214 7385275 7416665,6227 7416893 7448613,6245 7448913 7484633,28106 8400000 8410480,28124 8412044 8419324,28114 8419411 8428791,28122 8428903 8440863,28135 8440987 8451477,28144 8473650 8480890,36106 9600000 9610480,36124 9612044 9619324,36114 9619411 9628791,36122 9628903 9640863,36135 9640987 9651477,10215 9678018 9709658,10232 9709885 9747465,10248 9747728 9785008,10214 9785275 9816665,10227 9816893 9848613,10245 9848913 9884633,6308 10086839 10125409,6317 10126495 10158795,6322 10159179 10185239,6328 10185559 10215939,6336 10216388 10248028,45106 10800000 10810480,45124 10812044 10819324,45114 10819411 10828791,45122 10828903 10840863,45135 10840987 10851477,45144 10873650 10880890,55106 12000000 12010480,55124 12012044 12019324,55114 12019411 12028791,55122 12028903 12040863,55135 12040987 12051477,15215 12078018 12109658,15232 12109885 12147465,15248 12147728 12185008,15214 12185275 12216665,15227 12216893 12248613,15245 12248913 12284633,66106 13200000 13210480,66124 13212044 13219324,66114 13219411 13228791,66122 13228903 13240863,66135 13240987 13251477,66144 13273650 13280890,10308 13436839 13475409,10317 13476495 13508795,10322 13509179 13535239,10328 13535559 13565939,10336 13566388 13598028,78106 14400000 14410480,78124 14412044 14419324,78114 14419411 14428791,78122 14428903 14440863,78135 14440987 14451477,78142 14473641 14481051,78144 14481170 14488410,21213 14489759 14525289,21234 14525626 14561916,78146 14562036 14572536,21214 14596950 14628340,21227 14628568 14660288,21245 14660588 14696308,91106 15600000 15610480,91124 15612044 15619324,91114 15619411 15628791,91122 15628903 15640863,91135 15640987 15651477,91144 15673650 15680890,15308 16786839 16825409,15317 16826495 16858795,105102 16858795 16866175,105106 16866175 16876655,15325 16877029 16911229,105108 16911310 16922560,105127 16922681 16932001,105118 16932099 16939169,105125 16939295 16950065,28225 16950065 16972845,15336 16973294 17004934,28211 17005243 17034063,28228 17034427 17063567,28244 17063915 17096785,28210 17126146 17161586,28227 17161814 17193534,28243 17193904 17216424,105143 17216529 17227389,36215 19306541 19338181,36232 19338408 19375988,36248 19376251 19413531,36214 19413798 19445188,36227 19445416 19477136,36245 19477436 19513156,21308 20136839 20175409,21317 20176495 20208795,21322 20209179 20235239,21328 20235559 20265939,21336 20266388 20298028,45215 21716541 21748181,45232 21748408 21785988,45248 21786251 21823531,45214 21823798 21855188,45227 21855416 21887136,45245 21887436 21923156
107 0 7320,202 7320 33620,128 33717 45997,133 46092 53432,203 53798 80348,221 80654 106464,236 106739 133579,303 133989 167619,311 168025 205465,218 205757 237507,235 237714 264344,249 264721 302101,321 302484 330514,326 330895 368405,141 368506 376266,145 376341 386671,337 386969 420559,1107 1200000 1207320,1127 1212041 1221361,1118 1221459 1228529,1121 1228630 1236640,1131 1236724 1243704,1145 1273606 1283936,3107 2400000 2407320,3127 2412041 2421361,3118 2421459 2428529,3121 2428630 2436640,3131 2436724 2443704,1217 2478077 2499137,1219 2499394 2532994,1238 2533363 2562553,3142 2562663 2570073,3145 2570148 2580478,1216 2585383 2609853,1222 2610157 2633857,1235 2634064 2660694,1309 3386827 3413837,1310 3414153 3439563,1318 3440005 3473765,1326 3474146 3511656,1334 3512056 3551336,6106 3611580 3622060,6124 3641119 3648399,6127 3648520 3657840,6118 3657938 3665008,6129 3665083 3677163,6144 3706275 3713515,10107 4800000 4807320,10127 4812041 4821361,10118 4821459 4828529,10121 4828630 4836640,10131 4836724 4843704,3217 4878077 4899137,3219 4899394 4932994,3238 4933363 4962553,10142 4962663 4970073,10145 4970148 4980478,3216 4985383 5009853,3222 5010157 5033857,3235 5034064 5060694,15107 6000000 6007320,15127 6012041 6021361,15118 6021459 6028529,15121 6028630 6036640,15131 6036724 6043704,15145 6073606 6083936,3309 6736827 6763837,3310 6764153 6789563,3318 6790005 6823765,3326 6824146 6861656,3334 6862056 6901336,21107 7200000 7207320,21127 7212041 7221361,21118 7221459 7228529,21121 7228630 7236640,21131 7236724 7243704,6217 7278077 7299137,6219 7299394 7332994,6238 7333363 7362553,21142 7362663 7370073,21145 7370148 7380478,6216 7385383 7409853,6222 7410157 7433857,6235 7434064 7460694,28107 8400000 8407320,28127 8412041 8421361,28118 8421459 8428529,28121 8428630 8436640,28131 8436724 8443704,28145 8473606 8483936,36107 9600000 9607320,36127 9612041 9621361,36118 9621459 9628529,36121 9628630 9636640,36131 9636724 9643704,10217 9678077 9699137,10219 9699394 9732994,10238 9733363 9762553,36142 9762663 9770073,36145 9770148 9780478,10216 9785383 9809853,10222 9810157 9833857,10235 9834064 9860694,6309 10086827 10113837,6310 10114153 10139563,6318 10140005 10173765,6326 10174146 10211656,6334 10212056 10251336,45107 10800000 10807320,45127 10812041 10821361,45118 10821459 10828529,45121 10828630 10836640,45131 10836724 10843704,45145 10873606 10883936,55107 12000000 12007320,55127 12012041 12021361,55118 12021459 12028529,55121 12028630 12036640,55131 12036724 12043704,15217 12078077 12099137,15219 12099394 12132994,15238 12133363 12162553,55142 12162663 12170073,55145 12170148 12180478,15216 12185383 12209853,15222 12210157 12233857,15235 12234064 12260694,66107 13200000 13207320,66127 13212041 13221361,66118 13221459 13228529,66121 13228630 13236640,66131 13236724 13243704,66145 13273606 13283936,10309 13436827 13463837,10310 13464153 13489563,10318 13490005 13523765,10326 13524146 13561656,10334 13562056 13601336,78107 14400000 14407320,78127 14412041 14421361,78118 14421459 14428529,78121 14428630 14436640,78131 14436724 14443704,78143 14473636 14484496,21215 14489693 14521333,21232 14521560 14559140,21248 14559403 14596683,21216 14597058 14621528,21222 14621832 14645532,21235 14645739 14672369,91107 15600000 15607320,91127 15612041 15621361,91118 15621459 15628529,91121 15628630 15636640,91131 15636724 15643704,91145 15673606 15683936,15309 16786827 16813837,15310 16814153 16839563,15318 16840005 16873765,15323 16874011 16914361,105110 16914458 16921858,105124 16921982 16929262,105117 16929374 16938764,105123 16938844 16947774,105134 16947885 16955455,15333 16955803 16994773,28205 16995077 17024497,28221 17024803 17050613,28236 17050888 17077728,28248 17077991 17115271,28212 17126090 17161640,28229 17161936 17194946,28245 17195246 17230966,36217 19306600 19327660,36219 19327917 19361517,36238 19361886 19391076,36216 19413906 19438376,36222 19438680 19462380,36235 19462587 19489217,21309 20136827 20163837,21310 20164153 20189563,21318 20190005 20223765,21326 20224146 20261656,21334 20262056 20301336,45217 21716600 21737660,45219 21737917 21771517,45238 21771886 21801076,45216 21823906 21848376,45222 21848680 21872380,45235 21872587 21899217
21970822
0.0007069972411621397
0.1543888393857947
824.0
